Persona,Sản phẩm đề xuất,Kênh tiếp cận,Chiến lược số,Rủi ro
Persona 0 — Dormant,"Tài khoản thanh toán số đẹp, Hoàn tiền khi duy trì số dư",SMS/Telesale — Giới thiệu ưu đãi hoàn tiền 50k,"Tập trung vào tiện ích mở tài khoản online nhanh chóng, không tốn phí",Khách hàng có thể đã rời bỏ — cần xác nhận trạng thái
Persona 1 — Traditional,Thẻ tín dụng hạn mức cơ bản | Tiết kiệm tích lũy định kỳ,Telesale + Zalo ZNS follow-up,"Chương trình Referral (Giới thiệu bạn bè nhận tiền), Gamification trên App, Miễn phí chuyển tiền trọn đời.",Rủi ro thấp
Persona 2 — High-Value Traditional,Nâng hạng sản phẩm hiện tại (VD: Khách hàng Ưu tiên/VIP),Relationship Manager (RM) cá nhân / Mời ra quầy tư vấn trực tiếp,"Chương trình Referral (Giới thiệu bạn bè nhận tiền), Gamification trên App, Miễn phí chuyển tiền trọn đời.",Số dư TKTT giảm — Rủi ro rút tiền/rời bỏ
Persona 3 — Senior High-Value Heavy Borrower,Bảo hiểm liên kết đầu tư (Bancassurance) / Chứng chỉ tiền gửi (CD),Relationship Manager (RM) cá nhân / Mời ra quầy tư vấn trực tiếp,"Đánh vào tâm lý bảo mật: ""Quản lý sổ tiết kiệm ngay trên điện thoại, không sợ mất sổ, bảo mật 2 lớp sinh trắc học"". Hướng dẫn cài đặt 1-1 tại quầy.","Dư nợ cao — Rủi ro nợ xấu, cần theo dõi khả năng trả nợ"
Persona 4 — Senior High-Value Saver,Bảo hiểm liên kết đầu tư (Bancassurance) / Chứng chỉ tiền gửi (CD),Relationship Manager (RM) cá nhân / Mời ra quầy tư vấn trực tiếp,"Đánh vào tâm lý bảo mật: ""Quản lý sổ tiết kiệm ngay trên điện thoại, không sợ mất sổ, bảo mật 2 lớp sinh trắc học"". Hướng dẫn cài đặt 1-1 tại quầy.",Rủi ro thấp
Persona 5 — Senior High-Value Saver,Bảo hiểm liên kết đầu tư (Bancassurance) / Chứng chỉ tiền gửi (CD),Relationship Manager (RM) cá nhân / Mời ra quầy tư vấn trực tiếp,"Đánh vào tâm lý bảo mật: ""Quản lý sổ tiết kiệm ngay trên điện thoại, không sợ mất sổ, bảo mật 2 lớp sinh trắc học"". Hướng dẫn cài đặt 1-1 tại quầy.",Rủi ro thấp
Persona 6 — High-Value Saver,Thẻ tín dụng hạn mức cơ bản,Relationship Manager (RM) cá nhân / Mời ra quầy tư vấn trực tiếp,"Chương trình Referral (Giới thiệu bạn bè nhận tiền), Gamification trên App, Miễn phí chuyển tiền trọn đời.",Rủi ro thấp
Persona 7 — Senior High-Value Saver,Bảo hiểm liên kết đầu tư (Bancassurance) / Chứng chỉ tiền gửi (CD),Relationship Manager (RM) cá nhân / Mời ra quầy tư vấn trực tiếp,"Đánh vào tâm lý bảo mật: ""Quản lý sổ tiết kiệm ngay trên điện thoại, không sợ mất sổ, bảo mật 2 lớp sinh trắc học"". Hướng dẫn cài đặt 1-1 tại quầy.",Số dư TKTT giảm — Rủi ro rút tiền/rời bỏ
Persona 8 — High-Value Heavy Borrower,Thẻ tín dụng hạn mức cơ bản,Relationship Manager (RM) cá nhân / Mời ra quầy tư vấn trực tiếp,"Đánh vào tiện ích: ""Theo dõi lịch trả nợ tự động, tránh phí phạt trễ hạn, giải ngân online siêu tốc"".","Dư nợ cao — Rủi ro nợ xấu, cần theo dõi khả năng trả nợ | Số dư TKTT giảm — Rủi ro rút tiền/rời bỏ"
